bin,source,seed,expert,n,predicted_reliability,observed_accuracy
0.0,Te0,42,temporal,4597,0.7824364044602328,0.7509245159886883
1.0,Te0,42,temporal,4597,0.9973299944296012,0.9830324124428975
2.0,Te0,42,temporal,4597,0.9987180210954927,0.9973896019142919
3.0,Te0,42,temporal,4597,0.9990392796185381,0.999347400478573
4.0,Te0,42,temporal,4597,0.9992470705910047,0.999564933652382
5.0,Te0,42,temporal,4597,0.9993367821982602,1.0
6.0,Te0,42,temporal,4597,0.9994164197587753,1.0
7.0,Te0,42,temporal,4597,0.9994560279572448,1.0
8.0,Te0,42,temporal,4597,0.9994560279572448,1.0
9.0,Te0,42,temporal,4597,0.9994560279572448,1.0
0.0,Te0,42,cwt,4597,0.7749421185620574,0.7072003480530781
1.0,Te0,42,cwt,4597,0.9970865646612205,0.9802044811833804
2.0,Te0,42,cwt,4597,0.999077313848693,0.9954318033500109
3.0,Te0,42,cwt,4597,0.9996661622449007,0.9986948009571459
4.0,Te0,42,cwt,4597,0.999876996362761,1.0
5.0,Te0,42,cwt,4597,0.9999600816749737,1.0
6.0,Te0,42,cwt,4597,0.9999963210987983,0.999782466826191
7.0,Te0,42,cwt,4597,0.99999980488626,1.0
8.0,Te0,42,cwt,4597,0.9999999833056252,1.0
9.0,Te0,42,cwt,4597,0.999999999631253,1.0
0.0,Te0,43,temporal,4597,0.28616041684720367,0.9490972373286927
1.0,Te0,43,temporal,4597,0.8468186301602671,0.9310419839025451
2.0,Te0,43,temporal,4597,0.9781303786369889,0.9440939743310854
3.0,Te0,43,temporal,4597,0.9904048187295192,0.9745486186643463
4.0,Te0,43,temporal,4597,0.9942816017320114,0.9897759408309768
5.0,Te0,43,temporal,4597,0.9963733193055029,0.9945616706547749
6.0,Te0,43,temporal,4597,0.9977640057932273,0.998042201435719
7.0,Te0,43,temporal,4597,0.9988025250599322,0.999782466826191
8.0,Te0,43,temporal,4597,0.9995881797885673,1.0
9.0,Te0,43,temporal,4597,0.9999776437004912,1.0
0.0,Te0,43,cwt,4597,0.04868593204470565,0.999782466826191
1.0,Te0,43,cwt,4597,0.06742580033580389,0.997607135088101
2.0,Te0,43,cwt,4597,0.11763861855566791,0.9397433108549054
3.0,Te0,43,cwt,4597,0.7281837878841083,0.7689797694148358
4.0,Te0,43,cwt,4597,0.9830407642221678,0.9480095714596476
5.0,Te0,43,cwt,4597,0.9905032074979007,0.9749836850119643
6.0,Te0,43,cwt,4597,0.9937152187979682,0.9721557537524472
7.0,Te0,43,cwt,4597,0.9957687737618329,0.963671959973896
8.0,Te0,43,cwt,4597,0.9970597707548513,0.9873830759190777
9.0,Te0,43,cwt,4597,0.9978687352097061,1.0
0.0,Te0,44,temporal,4597,0.34590062207830835,0.8057428757885577
1.0,Te0,44,temporal,4597,0.9010950338498336,0.9153795953882967
2.0,Te0,44,temporal,4597,0.9753790703298305,0.9839025451381336
3.0,Te0,44,temporal,4597,0.9931801546573887,0.9973896019142919
4.0,Te0,44,temporal,4597,0.9969860579032176,0.999347400478573
5.0,Te0,44,temporal,4597,0.9982921848774322,0.999782466826191
6.0,Te0,44,temporal,4597,0.9990484499799476,1.0
7.0,Te0,44,temporal,4597,0.9993745548482473,1.0
8.0,Te0,44,temporal,4597,0.9994561502377782,1.0
9.0,Te0,44,temporal,4597,0.9994570575543632,1.0
0.0,Te0,44,cwt,4597,0.13861622932842582,0.925821187731129
1.0,Te0,44,cwt,4597,0.29881340196347395,0.8398955840765717
2.0,Te0,44,cwt,4597,0.8537556032851904,0.7609310419839025
3.0,Te0,44,cwt,4597,0.9777452440956589,0.9186425929954318
4.0,Te0,44,cwt,4597,0.9925714322937869,0.963889493147705
5.0,Te0,44,cwt,4597,0.9969321975093484,0.9538829671524908
6.0,Te0,44,cwt,4597,0.9983169900176881,0.9932564716119208
7.0,Te0,44,cwt,4597,0.9990224324711895,0.999564933652382
8.0,Te0,44,cwt,4597,0.9993976911162572,1.0
9.0,Te0,44,cwt,4597,0.999456913633584,1.0
0.0,Te0,45,temporal,4597,0.27567790082379495,0.8916684794431151
1.0,Te0,45,temporal,4597,0.9463598841998596,0.9197302588644768
2.0,Te0,45,temporal,4597,0.9911644589100098,0.9688927561453121
3.0,Te0,45,temporal,4597,0.9965553457209602,0.9836850119643246
4.0,Te0,45,temporal,4597,0.9985008072753576,0.9854252773547966
5.0,Te0,45,temporal,4597,0.9993853686029464,0.9849902110071785
6.0,Te0,45,temporal,4597,0.9997658218209916,0.9780291494452904
7.0,Te0,45,temporal,4597,0.9999186861003877,0.9849902110071785
8.0,Te0,45,temporal,4597,0.9999777618053632,0.9965194692190559
9.0,Te0,45,temporal,4597,0.9999981010593646,1.0
0.0,Te0,45,cwt,4597,0.048088275887067905,0.9956493365238199
1.0,Te0,45,cwt,4597,0.07528768179108564,0.9926038720904938
2.0,Te0,45,cwt,4597,0.1805645403261856,0.8951490102240591
3.0,Te0,45,cwt,4597,0.9388518147234032,0.8459865129432238
4.0,Te0,45,cwt,4597,0.9874132558235532,0.9514901022405917
5.0,Te0,45,cwt,4597,0.9924636632513992,0.9721557537524472
6.0,Te0,45,cwt,4597,0.9950186852296745,0.9891233413095497
7.0,Te0,45,cwt,4597,0.9966381336250534,0.9956493365238199
8.0,Te0,45,cwt,4597,0.9975832793091558,0.999347400478573
9.0,Te0,45,cwt,4597,0.9981308951862473,1.0
0.0,Te0,46,temporal,4597,0.7838185834025344,0.8288013922123124
1.0,Te0,46,temporal,4597,0.9941202484792815,0.961931694583424
2.0,Te0,46,temporal,4597,0.9967545092809968,0.9906460735262127
3.0,Te0,46,temporal,4597,0.9977768487724868,0.9949967370023929
4.0,Te0,46,temporal,4597,0.9983948948521992,0.998042201435719
5.0,Te0,46,temporal,4597,0.998721637183217,0.9991298673047639
6.0,Te0,46,temporal,4597,0.9989417132941597,0.999782466826191
7.0,Te0,46,temporal,4597,0.9990951221730843,0.999782466826191
8.0,Te0,46,temporal,4597,0.9992161940904523,1.0
9.0,Te0,46,temporal,4597,0.9993924228267551,1.0
0.0,Te0,46,cwt,4597,0.009481097489783366,0.9991298673047639
1.0,Te0,46,cwt,4597,0.7181312447836546,0.8390254513813357
2.0,Te0,46,cwt,4597,0.989924044458641,0.9493147705025017
3.0,Te0,46,cwt,4597,0.9953716023187706,0.9786817489667174
4.0,Te0,46,cwt,4597,0.997773326227403,0.9943441374809658
5.0,Te0,46,cwt,4597,0.999039990469729,1.0
6.0,Te0,46,cwt,4597,0.9996552525687932,1.0
7.0,Te0,46,cwt,4597,0.9999585340863495,1.0
8.0,Te0,46,cwt,4597,0.999999924413152,1.0
9.0,Te0,46,cwt,4597,0.9999999999068607,1.0
